State,Max_Q_Value
5,1.0
6,0.2935471434558993
7,0.6010305486233415
8,0.6439597854689847
21,1.0
23,0.3583065520169417
24,0.45097205440287
25,0.6524910798821254
26,0.9025457441070542
